"Code","M0","beta","r","Species","Date","Treatment","Location","Taxa","Pot","Height","Diameter","Comment","d2h","Range","TotMass","leafArea","Time"
"ACAM-11",0.151818719198544,0.998999999999964,0.0736670196467584,"CAM",2014-11-17,"Home","S","ACAM",11,33.2,1.9,"",1.19852,"wide",0.481383633987683,48.2859246983275,17
"ACAM-12",0.153942439514102,0.849605069294249,0.0918453884303283,"CAM",2014-11-17,"Home","S","ACAM",12,40.4,2.4,"",2.32704,"wide",0.832582694983199,78.6424566681429,17
"ACAM-2",0.195220843814529,0.901688871476439,0.0827552460428582,"CAM",2014-11-17,"Home","S","ACAM",2,40.2,2.44,"",2.3933472,"wide",0.852123618832525,80.2836538008237,17
"ACAM-20",0.165417489434075,0.724903924609058,0.123591169690498,"CAM",2014-11-17,"Warmed","S","ACAM",20,43.5,3.29,"",4.7084835,"wide",1.48990672592496,102.932996536796,17
"ACAM-21",0.170659480675428,0.70687639749239,0.136147818675843,"CAM",2014-11-17,"Warmed","S","ACAM",21,53.2,3.37,"",6.0418708,"wide",1.83052547112438,125.724362056688,17
"ACAM-22",0.400929260040618,0.811307789315859,0.103584749280861,"CAM",2014-11-17,"Warmed","S","ACAM",22,57.7,3.68,"",7.8139648,"wide",2.26364255393924,154.532309303543,17
"ACAM-23",0.293848734666694,0.856200269289984,0.101305450799687,"CAM",2014-11-17,"Warmed","S","ACAM",23,45.8,3.31,"",5.0178938,"wide",1.57029811154291,108.324400761092,17
"ACAM-25",0.0619364569226761,0.683789273319952,0.139532305011985,"CAM",2014-11-17,"Warmed","S","ACAM",25,44,2.87,"",3.624236,"wide",1.20034155362121,83.4408828380628,17
"ACAM-26",0.0675991437879244,0.73540229507893,0.135874909165439,"CAM",2014-11-17,"Warmed","S","ACAM",26,44.5,3.02,"",4.058578,"wide",1.3179372440419,91.3714216610566,17
"ACAM-27",0.282584703686427,0.840215980448774,0.0938758256237237,"CAM",2014-11-17,"Warmed","S","ACAM",27,48.3,3.01,"",4.3760283,"wide",1.40249287011675,97.0611848706432,17
"ACAM-28",0.0787645112873931,0.785244918738279,0.109625030670962,"CAM",2014-11-17,"Warmed","S","ACAM",28,36.8,2.4,"",2.11968,"wide",0.77082951184664,54.2652461190838,17
"ACAM-3",0.331517805882098,0.820748498093819,0.090803327132482,"CAM",2014-11-17,"Home","S","ACAM",3,43.1,3.25,"",4.5524375,"wide",1.44901566370565,128.797077211494,17
"ACAM-31",0.12595614878469,0.744657679083828,0.119815128350959,"CAM",2014-11-17,"Warmed","S","ACAM",31,48.5,3.08,"",4.600904,"wide",1.46174184320146,101.042191657607,17
"ACAM-5",0.118409675667413,0.78549611052187,0.100064605423161,"CAM",2014-11-17,"Home","S","ACAM",5,36.2,2.69,"",2.6194682,"wide",0.918071814617697,85.7926387621812,17
"ACAM-6",0.108515611907802,0.71527995326988,0.119928399468851,"CAM",2014-11-17,"Home","S","ACAM",6,47.1,3.15,"",4.6734975,"wide",1.48075963500799,131.306170514278,17
"ACAM-7",0.216832854093795,0.801342278640813,0.0966137063615386,"CAM",2014-11-17,"Home","S","ACAM",7,42.8,3.02,"",3.9035312,"wide",1.27622363307378,115.029381551108,17
"ACAM-8",0.141336591272697,0.813522663834672,0.0957143453380361,"CAM",2014-11-17,"Home","S","ACAM",8,39.1,2.51,"",2.4633391,"wide",0.872648361473963,82.003041306366,17
"ACAM-9",0.147877206826844,0.632822121772559,0.12851463248358,"CAM",2014-11-17,"Home","S","ACAM",9,51.2,3.11,"",4.9521152,"wide",1.55328152691472,137.016521180641,17
"ATER-1",0.071289858097936,0.804745726136572,0.11166274748902,"TER",2014-11-17,"Home","S","ATER",1,19.4,2.1,"",0.85554,"wide",0.850802531960336,135.308592079664,17
"ATER-10",0.267856710262683,0.954943646979454,0.0788692505399909,"TER",2014-11-17,"Home","S","ATER",10,20.4,1.85,"",0.69819,"wide",0.71935933069946,117.000606763215,17
"ATER-20",0.0482719517268424,0.792977421440426,0.133731481436437,"TER",2014-11-17,"Warmed","S","ATER",20,19.7,2.06,"",0.8359892,"wide",0.83471632920262,187.998959540795,17
"ATER-21",0.000100000000000002,0.640766166486326,0.201692975802768,"TER",2014-11-17,"Warmed","S","ATER",21,28.6,2.57,"",1.8890014,"wide",1.63631591136683,315.817899796378,17
"ATER-22",0.0198069966637914,0.674035656532019,0.15865589628498,"TER",2014-11-17,"Warmed","S","ATER",22,22.3,2.49,"",1.3826223,"wide",1.26461819303181,258.937894086004,17
"ATER-24",0.000100000000000004,0.625575223508777,0.148437006865442,"TER",2014-11-17,"Warmed","S","ATER",24,16.5,1.67,"",0.4601685,"wide",0.509853156859205,128.57754659708,17
"ATER-25",0.000100000000000001,0.690454182482044,0.166921985627794,"TER",2014-11-17,"Warmed","S","ATER",25,18.3,1.68,"",0.5164992,"wide",0.560863098717488,138.38177457156,17
"ATER-26",0.000100000000000002,0.668221740783632,0.127876071949339,"TER",2014-11-17,"Warmed","S","ATER",26,13,1.45,"",0.273325,"wide",0.331617934708533,92.3003138691998,17
"ATER-28",0.000100000000000001,0.694336725312722,0.154480385502156,"TER",2014-11-17,"Warmed","S","ATER",28,17.2,1.85,"",0.58867,"wide",0.624826127962524,150.391721035848,17
"ATER-3",0.0728424502735171,0.845493184794713,0.106897399357643,"TER",2014-11-17,"Home","S","ATER",3,19.2,1.77,"",0.6015168,"wide",0.63606418528827,105.169457902555,17
"ATER-30",0.000100000000000071,0.549477425278465,0.16368602295377,"TER",2014-11-17,"Warmed","S","ATER",30,21.2,2.32,"",1.1410688,"wide",1.07919979510564,229.155808348566,17
"ATER-31",0.000100000000000002,0.708156116404303,0.160252562151431,"TER",2014-11-17,"Warmed","S","ATER",31,13.7,1.59,"dead",0.3463497,"wide",0.403227840288828,107.310092648696,17
"ATER-4",0.0793626429843292,0.749044358581492,0.124714271299153,"TER",2014-11-17,"Home","S","ATER",4,21.4,2.31,"",1.1419254,"wide",1.07986870623834,166.349798373757,17
"ATER-5",0.0231409364560646,0.81690549196819,0.116672527785696,"TER",2014-11-17,"Home","S","ATER",5,13.7,1.67,"",0.3820793,"wide",0.437278175099572,76.0165065086005,17
"ATER-6",0.0111445444529621,0.809665659686921,0.106894658117578,"TER",2014-11-17,"Home","S","ATER",6,12.2,1.16,"",0.1641632,"wide",0.217681933381251,41.5412821611992,17
"ATER-7",0.386247050254943,0.941886794314317,0.0777792870613963,"TER",2014-11-17,"Home","S","ATER",7,25.2,2.24,"",1.2644352,"wide",1.17467040270367,178.928976340224,17
"ATER-8",0.00924894619989512,0.825905847479445,0.113222752835164,"TER",2014-11-17,"Home","S","ATER",8,12.7,1.3,"",0.21463,"wide",0.271611004902374,50.3212471483336,17
"ATER-9",0.0702268144553601,0.898350391905162,0.0959088263227024,"TER",2014-11-17,"Home","S","ATER",9,16.6,1.55,"",0.398815,"wide",0.453034099365098,78.3836285694951,17
"BCAM-1",0.000209391507040447,0.653865283889977,0.124374475687078,"CAM",2014-11-17,"Home","S","BCAM",1,27.1,2.07,"",1.1612079,"wide",0.568730905473632,47.7453692069575,17
"BCAM-10",0.146241738132759,0.821507685796498,0.102485260657696,"CAM",2014-11-17,"Home","S","BCAM",10,32.3,2.45,"",1.9388075,"wide",0.868421928411162,70.4389766419753,17
"BCAM-12",0.102537495361866,0.849773285855718,0.103765345586273,"CAM",2014-11-17,"Home","S","BCAM",12,33.8,2.31,"",1.8036018,"wide",0.818103677496075,66.6803256875185,17
"BCAM-2",0.0452888111667004,0.737201647726375,0.117456970176624,"CAM",2014-11-17,"Home","S","BCAM",2,31.7,2.34,"",1.7357652,"wide",0.792611734022658,64.7690253453384,17
"BCAM-21",0.0443966387531148,0.694388394284778,0.155520199775491,"CAM",2014-11-17,"Warmed","S","BCAM",21,38.4,3.08,"",3.6427776,"wide",1.46181256514483,177.796777246276,17
"BCAM-22",0.000100000000000002,0.627721711896921,0.167927226789663,"CAM",2014-11-17,"Warmed","S","BCAM",22,35,2.58,"",2.32974,"wide",1.01064849046194,131.740143709574,17
"BCAM-23",0.00117020495144645,0.661099703501017,0.163796890810696,"CAM",2014-11-17,"Warmed","S","BCAM",23,35.3,2.58,"",2.3497092,"wide",1.01779606419027,132.496469002578,17
"BCAM-24",0.000100000000000035,0.65681716735732,0.153730614772124,"CAM",2014-11-17,"Warmed","S","BCAM",24,30,2.51,"",1.89003,"wide",0.850341656526469,114.495858930416,17
"BCAM-25",0.000100000000000005,0.588062288615541,0.186594705269408,"CAM",2014-11-17,"Warmed","S","BCAM",25,41,3.12,"",3.991104,"wide",1.57630320568251,189.027646908904,17
"BCAM-27",0.00108733384386603,0.647447764211145,0.159933913516837,"CAM",2014-11-17,"Warmed","S","BCAM",27,42.5,2.24,"",2.13248,"wide",0.93945116839252,124.150074821077,17
"BCAM-28",0.000100000000000006,0.67737454028407,0.152990305320427,"CAM",2014-11-17,"Warmed","S","BCAM",28,29.4,2.47,"",1.7936646,"wide",0.814380023075387,110.54669714368,17
"BCAM-3",0.165091205753788,0.797967401715491,0.104320431259225,"CAM",2014-11-17,"Home","S","BCAM",3,40.2,2.69,"",2.9089122,"wide",1.21399784157818,95.8239827143387,17
"BCAM-30",0.199186842787719,0.755570724600996,0.110681381631354,"CAM",2014-11-17,"Warmed","S","BCAM",30,43.8,2.75,"",3.312375,"wide",1.35143581037713,166.812000571888,17
"BCAM-31",0.0982908987504282,0.7019567930184,0.132887049752058,"CAM",2014-11-17,"Warmed","S","BCAM",31,38.7,2.89,"",3.2322627,"wide",1.3243895643049,164.095062049339,17
"BCAM-5",0.404188189185969,0.843224733455275,0.0846373343786335,"CAM",2014-11-17,"Home","S","BCAM",5,48.9,3.02,"",4.4598756,"wide",1.72768122485699,132.514470644544,17
"BCAM-6",0.135559256839428,0.859452202686544,0.0998086750446198,"CAM",2014-11-17,"Home","S","BCAM",6,30.2,2.39,"",1.7250542,"wide",0.788570980910219,64.4656082654932,17
"BCAM-8",0.169256664799204,0.835175994982684,0.0961272734935604,"CAM",2014-11-17,"Home","S","BCAM",8,35.3,2.63,"",2.4416657,"wide",1.05057512164259,83.9049106453588,17
"BCAM-9",0.0905097325143842,0.734576844925492,0.107372428146141,"CAM",2014-11-17,"Home","S","BCAM",9,37.8,2.32,"",2.0345472,"wide",0.903681685835321,73.0622002609858,17
"BOT-1",0.468183482699602,0.897735092908867,0.0754445505276659,"BOT",2014-11-17,"Home","S","BOT",1,32.6,2.46,"",1.9728216,"narrow",1.60967568697472,175.226591879984,17
"BOT-10",0.310192480373949,0.888057294939156,0.0792129840913992,"BOT",2014-11-17,"Home","S","BOT",10,24.5,2.32,"",1.318688,"narrow",1.15420652473202,123.310480551665,17
"BOT-11",0.22104691186046,0.900237253617203,0.0818311558835744,"BOT",2014-11-17,"Home","S","BOT",11,26.7,2.26,"",1.3637292,"narrow",1.18666309121143,126.9763977425,17
"BOT-2",0.277533465702627,0.827767289559929,0.0816478848942404,"BOT",2014-11-17,"Home","S","BOT",2,30.3,2.07,"",1.2983247,"narrow",1.13946963098682,121.647880183522,17
"BOT-20",0.18044966608109,0.753194254833149,0.11369828183885,"BOT",2014-11-17,"Warmed","S","BOT",20,33.6,2.45,"",2.01684,"narrow",1.63927458879262,218.658608639244,17
"BOT-23",0.189496201068634,0.7850937338728,0.108367238270818,"BOT",2014-11-17,"Warmed","S","BOT",23,31.1,2.23,"",1.5465719,"narrow",1.31657615111718,178.437662931237,17
"BOT-24",0.114376910199844,0.712530977418199,0.118263113584529,"BOT",2014-11-17,"Warmed","S","BOT",24,29.4,2.29,"",1.5417654,"narrow",1.31319666009925,178.012914331386,17
"BOT-26",0.226439969773185,0.781428600687485,0.100632896297921,"BOT",2014-11-17,"Warmed","S","BOT",26,29.5,2.45,"",1.7707375,"narrow",1.47226067155671,197.92212274777,17
"BOT-27",0.449841766844416,0.801595668938188,0.0886824362549124,"BOT",2014-11-17,"Warmed","S","BOT",27,28.6,2.98,"",2.5397944,"narrow",1.98302364883352,260.872649923677,17
"BOT-28",0.235236749677256,0.874034766233825,0.0956441713094807,"BOT",2014-11-17,"Warmed","S","BOT",28,28.6,2.24,"",1.4350336,"narrow",1.23766666019351,168.498817439379,17
"BOT-29",0.0226788827259624,0.555698077962545,0.150488813995312,"BOT",2014-11-17,"Warmed","S","BOT",29,35,2.08,"",1.51424,"narrow",1.29380773397649,175.574489149378,17
"BOT-3",0.533440787767287,0.766901722647474,0.0966344856789708,"BOT",2014-11-17,"Home","S","BOT",3,37.1,2.84,"",2.9923376,"narrow",2.27053676541723,252.007584730969,17
"BOT-30",0.422934404301104,0.80403314739146,0.0934232902294603,"BOT",2014-11-17,"Warmed","S","BOT",30,35.1,2.15,"",1.6224975,"narrow",1.36972156636746,185.10690999741,17
"BOT-31",0.185705368885455,0.733677142522039,0.118592285579524,"BOT",2014-11-17,"Warmed","S","BOT",31,32.6,2.63,"",2.2549094,"narrow",1.79747882647247,238.159553979317,17
"BOT-4",0.216948586794097,0.786271167795108,0.0995486086446038,"BOT",2014-11-17,"Home","S","BOT",4,33.7,2.3,"",1.78273,"narrow",1.48048903133493,160.405094509363,17
"BOT-6",0.395451720421213,0.889139845550831,0.0709435275269176,"BOT",2014-11-17,"Home","S","BOT",6,30.2,2.21,"",1.4749982,"narrow",1.26605904723965,135.967608137857,17
"BOT-7",0.202775100960641,0.82826231158326,0.0943406035822362,"BOT",2014-11-17,"Home","S","BOT",7,31.6,2.02,"",1.2894064,"narrow",1.13300281001085,120.918682204028,17
"BOT-8",0.291432237393697,0.823799383971938,0.0790163011517666,"BOT",2014-11-17,"Home","S","BOT",8,29.2,2.26,"",1.4914192,"narrow",1.277686138775,137.287040527267,17
"BRA-10",0.000100000000000007,0.643198388313606,0.190288826363989,"BRA",2014-11-17,"Home","N","BRA",10,34.3,2.31,"",1.8302823,"narrow",1.29475017940531,243.485520508558,17
"BRA-21",0.116677710510425,0.737114042947022,0.14139072745418,"BRA",2014-11-17,"Warmed","N","BRA",21,42.4,2.31,"",2.2625064,"narrow",1.54244874581607,120.886758158778,17
"BRA-23",0.00238541690206732,0.656722523847069,0.180841134701903,"BRA",2014-11-17,"Warmed","N","BRA",23,40,2.4,"",2.304,"narrow",1.56576941868473,122.769822922667,17
"BRA-24",0.0214217062638691,0.661192163703067,0.167080587939007,"BRA",2014-11-17,"Warmed","N","BRA",24,44.5,2.4,"",2.5632,"narrow",1.70985113301037,134.42217688132,17
"BRA-25",0.00010000000000001,0.638388398032028,0.183459285394955,"BRA",2014-11-17,"Warmed","N","BRA",25,37.5,2.23,"",1.8648375,"narrow",1.31490134484619,102.560047238696,17
"BRA-26",0.189665049130779,0.799970336650933,0.121226898834478,"BRA",2014-11-17,"Warmed","N","BRA",26,41.6,2.99,"",3.7190816,"narrow",2.32507700265948,184.484940476026,17
"BRA-27",0.175782896082108,0.748176859367731,0.134399344858173,"BRA",2014-11-17,"Warmed","N","BRA",27,49.5,2.21,"",2.4176295,"narrow",1.62926300777299,127.900950891911,17
"BRA-29",0.0342051771980032,0.696695714434392,0.179889436553283,"BRA",2014-11-17,"Warmed","N","BRA",29,43.4,2.83,"",3.4758626,"narrow",2.19878925592706,174.172015512429,17
"BRA-3",0.0145997089369884,0.681885793565692,0.194814517386824,"BRA",2014-11-17,"Home","N","BRA",3,42.8,2.56,"",2.8049408,"narrow",1.84194930686944,312.868683415328,17
"BRA-5",0.076167932536828,0.700107074584851,0.148936389606078,"BRA",2014-11-17,"Home","N","BRA",5,39.5,2.36,"",2.199992,"narrow",1.50717223399732,271.269074376629,17
"BRA-6",0.404671050385656,0.947086922706649,0.0941882383087529,"BRA",2014-11-17,"Home","N","BRA",6,40.1,2.31,"",2.1397761,"narrow",1.47302719688081,266.883472014103,17
"BRA-7",0.0375546111228664,0.767979420052154,0.14098968280919,"BRA",2014-11-17,"Home","N","BRA",7,36,1.89,"",1.285956,"narrow",0.967410774387457,197.899442984154,17
"BRA-8",0.000100000000000002,0.646087741382193,0.202640754699768,"BRA",2014-11-17,"Home","N","BRA",8,43.6,2.42,"",2.5533904,"narrow",1.70444606861294,296.071359781882,17
"BRA-9",0.0833956453392912,0.763425696155455,0.139835753410541,"BRA",2014-11-17,"Home","N","BRA",9,38.2,2.4,"",2.20032,"narrow",1.50735777449564,271.292826399478,17
"BTER-1",0.0627842234258769,0.875091473172221,0.0976314302426813,"TER",2014-11-17,"Home","S","BTER",1,18.2,1.95,"",0.692055,"wide",0.568203004235945,102.792505622231,17
"BTER-12",0.166034398485617,0.998999999999985,0.0746303752635913,"TER",2014-11-17,"Home","S","BTER",12,24,1.88,"",0.848256,"wide",0.672179404671089,117.989461508059,17
"BTER-2",0.0105932924856995,0.823508224556804,0.118403219164474,"TER",2014-11-17,"Home","S","BTER",2,17.2,1.6,"",0.44032,"wide",0.391161941808662,75.6692143165283,17
"BTER-21",0.0896323106106831,0.757228737491127,0.130983354426046,"TER",2014-11-17,"Warmed","S","BTER",21,30.5,2.34,"",1.670058,"wide",1.17601688963338,193.893108343875,17
"BTER-22",0.00119760679543206,0.718107148155491,0.153190281643072,"TER",2014-11-17,"Warmed","S","BTER",22,18.2,1.77,"",0.5701878,"wide",0.484219627145813,90.6501989488134,17
"BTER-24",0.0180465936653181,0.750100338802447,0.141117846476998,"TER",2014-11-17,"Warmed","S","BTER",24,21.6,1.98,"",0.8468064,"wide",0.671230768040972,119.919840721725,17
"BTER-25",0.000100000000000003,0.688094052111075,0.140988185821955,"TER",2014-11-17,"Warmed","S","BTER",25,16.7,1.67,"",0.4657463,"wide",0.409721057585628,78.5602715267266,17
"BTER-26",0.104095881204749,0.793130176090626,0.123790216468238,"TER",2014-11-17,"Warmed","S","BTER",26,25.7,2.07,"",1.1012193,"wide",0.833829211073557,144.413554386456,17
"BTER-27",1e-04,0.65898600353949,0.157526516062651,"TER",2014-11-17,"Warmed","S","BTER",27,23.3,1.84,"",0.7888448,"wide",0.633061725827886,114.052738670163,17
"BTER-28",1e-04,0.663016166479745,0.182653852910161,"TER",2014-11-17,"Warmed","S","BTER",28,23.6,2.07,"",1.0112364,"wide",0.777156193452197,135.961520581037,17
"BTER-29",0.000100000000000003,0.507158252462902,0.203383910599619,"TER",2014-11-17,"Warmed","S","BTER",29,33,2.79,"",2.568753,"wide",1.67808574849912,262.939504794185,17
"BTER-30",0.000100000000000002,0.620029160475278,0.193271246801606,"TER",2014-11-17,"Warmed","S","BTER",30,35.4,2.47,"",2.1597186,"wide",1.45417684835479,232.575675800938,17
"BTER-5",0.0461253701651476,0.701456043188152,0.126400742444304,"TER",2014-11-17,"Home","S","BTER",5,29.5,2.2,"",1.4278,"wide",1.03326598766839,167.901060089978,17
"BTER-6",0.0163082395581631,0.876584654010264,0.107692986342755,"TER",2014-11-17,"Home","S","BTER",6,14.7,1.24,"",0.2260272,"wide",0.225540198538013,48.1625984565684,17
"BTER-7",0.0208363973146283,0.864950087118288,0.108960406947252,"TER",2014-11-17,"Home","S","BTER",7,14.7,1.45,"",0.3090675,"wide",0.29203316329347,59.5356655824926,17
"BTER-8",0.279595777096257,0.916501778143857,0.0747610330287465,"TER",2014-11-17,"Home","S","BTER",8,27.8,2.16,"",1.2970368,"wide",0.954481425355802,157.322724350651,17
"BTER-9",0.0772802282199462,0.938602018382525,0.0891941549131305,"TER",2014-11-17,"Home","S","BTER",9,21.6,1.71,"",0.6316056,"wide",0.526898758951043,96.6202866936576,17
"CCAM-10",0.335338529273449,0.974368036599665,0.0719858568910817,"CAM",2014-11-17,"Home","S","CCAM",10,34.5,2.38,"",1.954218,"wide",0.840680941294896,64.5307558548013,17
"CCAM-11",0.229570799519735,0.888315159962691,0.0801983889321104,"CAM",2014-11-17,"Home","S","CCAM",11,40.2,2.23,"",1.9991058,"wide",0.856593968228645,65.7583657682756,17
"CCAM-12",0.0240790202628232,0.795703447455845,0.112095694847561,"CAM",2014-11-17,"Home","S","CCAM",12,29.9,2,"",1.196,"wide",0.560473145163161,42.9354291066662,17
"CCAM-20",0.212590394066731,0.811051328492565,0.115512156976655,"CAM",2014-11-17,"Warmed","S","CCAM",20,45.3,2.93,"",3.8889597,"wide",1.4838975796365,134.798060235195,17
"CCAM-21",0.18970447099433,0.750987232069629,0.116964415969229,"CAM",2014-11-17,"Warmed","S","CCAM",21,47,2.83,"",3.764183,"wide",1.44447357078452,131.642875352557,17
"CCAM-24",0.107699142806331,0.73807574933239,0.130725745060669,"CAM",2014-11-17,"Warmed","S","CCAM",24,44.9,2.73,"",3.3463521,"wide",1.31073969397124,120.860513138514,17
"CCAM-25",0.121494037748647,0.709438952227771,0.108514106421074,"CAM",2014-11-17,"Warmed","S","CCAM",25,37.5,2.45,"",2.2509375,"wide",0.944761159297985,90.6172306288279,17
"CCAM-26",0.229249488534234,0.791316630939434,0.0903580091026713,"CAM",2014-11-17,"Warmed","S","CCAM",26,39.5,2.54,"",2.548382,"wide",1.04671590490901,99.1650839410609,17
"CCAM-28",0.100973551511504,0.696872867827743,0.143044597926547,"CAM",2014-11-17,"Warmed","S","CCAM",28,51.6,3.15,"",5.12001,"wide",1.86219357766712,164.600137255765,17
"CCAM-29",0.000385100363016623,0.593439020591472,0.145345119721585,"CAM",2014-11-17,"Warmed","S","CCAM",29,34.7,2.38,"",1.9655468,"wide",0.844703032179962,82.1195584871083,17
"CCAM-3",0.261286699581983,0.837900164742953,0.0866316471293682,"CAM",2014-11-17,"Home","S","CCAM",3,37.3,3.3,"",4.06197,"wide",1.53819922192368,118.427171112805,17
"CCAM-30",0.086872590475832,0.732711800444624,0.123365540696177,"CAM",2014-11-17,"Warmed","S","CCAM",30,41,2.79,"",3.191481,"wide",1.2604447450937,116.771746403128,17
"CCAM-31",0.100527347742241,0.79007315909636,0.111783160828514,"CAM",2014-11-17,"Warmed","S","CCAM",31,37.3,2.53,"",2.3875357,"wide",0.991857007008722,94.5788527970664,17
"CCAM-4",0.331775215100957,0.868159447355818,0.08450720249338,"CAM",2014-11-17,"Home","S","CCAM",4,42,2.94,"",3.630312,"wide",1.40192185716548,107.88534759358,17
"CCAM-5",0.288806737683335,0.816666603779446,0.088981307902539,"CAM",2014-11-17,"Home","S","CCAM",5,47.6,3.05,"",4.42799,"wide",1.65177907316307,127.216780289457,17
"CCAM-7",0.200434529971729,0.838317420791729,0.087681531387323,"CAM",2014-11-17,"Home","S","CCAM",7,37.1,2.57,"",2.4504179,"wide",1.01337827635689,77.8592391169759,17
"CCAM-8",0.154741439292475,0.783516421702255,0.0921238535175308,"CAM",2014-11-17,"Home","S","CCAM",8,42.5,2.42,"",2.48897,"wide",1.02652495394247,78.874365838843,17
"CCAM-9",0.327432273418164,0.796117542131245,0.0796284111208599,"CAM",2014-11-17,"Home","S","CCAM",9,39.7,2.85,"",3.2246325,"wide",1.27124593875837,97.7816075651292,17
"CTER-1",0.0257385636789798,0.698363094212203,0.15333083542712,"TER",2014-11-17,"Home","N","CTER",1,34.9,2.31,"",1.8622989,"wide",1.33002194128051,264.123309947929,17
"CTER-10",0.236245375816139,0.810202311397101,0.119492149471053,"TER",2014-11-17,"Home","N","CTER",10,40.2,2.49,"",2.4924402,"wide",1.69189587987738,310.486917924541,17
"CTER-2",0.117455090446963,0.717072515062778,0.151014514306932,"TER",2014-11-17,"Home","N","CTER",2,41.9,2.65,"",2.9424275,"wide",1.9404024658229,340.440338504183,17
"CTER-20",0.150998726525093,0.693499124447808,0.142218259945936,"TER",2014-11-17,"Warmed","N","CTER",20,42.1,2.8,"",3.30064,"wide",2.13347999094395,122.181443670105,17
"CTER-22",0.160002084126444,0.756736617940527,0.137134025127409,"TER",2014-11-17,"Warmed","N","CTER",22,41.8,2.72,"",3.0925312,"wide",2.02178081813334,115.658232530022,17
"CTER-23",0.11294532116029,0.744601723954018,0.144292673754599,"TER",2014-11-17,"Warmed","N","CTER",23,42.2,2.46,"",2.5537752,"wide",1.726201283108,98.4328745134602,17
"CTER-25",0.0424861596625143,0.664325446299432,0.176526936482536,"TER",2014-11-17,"Warmed","N","CTER",25,44,2.56,"",2.883584,"wide",1.90830465187525,109.038740206309,17
"CTER-26",0.303519521129001,0.814769879318713,0.114088529292513,"TER",2014-11-17,"Warmed","N","CTER",26,43.2,2.61,"",2.9428272,"wide",1.94062010836433,110.923028770087,17
"CTER-27",0.153391292227879,0.696523838867061,0.162772161048541,"TER",2014-11-17,"Warmed","N","CTER",27,47.8,3.1,"",4.59358,"wide",2.80299388524627,161.415627971752,17
"CTER-28",0.0888398028200518,0.735729887682136,0.139518209109866,"TER",2014-11-17,"Warmed","N","CTER",28,36.2,2.3,"",1.91498,"wide",1.36101274015084,77.2351362376168,17
"CTER-3",0.240758738407619,0.781789127220365,0.125225191059647,"TER",2014-11-17,"Home","N","CTER",3,40.2,2.61,"",2.7384642,"wide",1.82865031928701,327.136404491224,17
"CTER-4",0.118122853827478,0.728941983736845,0.13000625172163,"TER",2014-11-17,"Home","N","CTER",4,39.1,2.18,"",1.8581884,"wide",1.3275974735714,263.799656932206,17
"CTER-6",0.00800985085032286,0.703483598770166,0.170818518609539,"TER",2014-11-17,"Home","N","CTER",6,33.3,2.21,"",1.6264053,"wide",1.1892958680482,245.000640582077,17
"CTER-8",0.258733333011941,0.78919093293103,0.127195848866761,"TER",2014-11-17,"Home","N","CTER",8,38.3,2.72,"",2.8335872,"wide",1.88094275321483,333.393987000154,17
"DCAM-1",0.000100000000000006,0.620509415989581,0.206635000972426,"CAM",2014-11-17,"Home","N","DCAM",1,43.4,2.72,"",3.2109056,"wide",1.92780528495881,243.382270020512,17
"DCAM-2",0.00735272535715172,0.678278303497268,0.183979702923831,"CAM",2014-11-17,"Home","N","DCAM",2,39.5,2.55,"",2.5684875,"wide",1.60328339907041,209.459512711299,17
"DCAM-20",0.148952622896676,0.781558938967721,0.128729973599789,"CAM",2014-11-17,"Warmed","N","DCAM",20,41.3,2.34,"",2.2614228,"wide",1.44328456276187,175.882024122331,17
"DCAM-21",0.000100000000000046,0.613859041809256,0.193072269582341,"CAM",2014-11-17,"Warmed","N","DCAM",21,42.2,2.41,"",2.4510182,"wide",1.54249159234047,185.930765274648,17
"DCAM-22",0.267716465467711,0.794729923226158,0.113563551909173,"CAM",2014-11-17,"Warmed","N","DCAM",22,45.7,2.71,"",3.3562537,"wide",1.99958254896498,230.971287594518,17
"DCAM-23",0.000100000000000007,0.614748019901352,0.203950635882722,"CAM",2014-11-17,"Warmed","N","DCAM",23,40.2,2.74,"",3.0180552,"wide",1.83168677751865,214.646853289599,17
"DCAM-27",0.0410807022714507,0.688391819355209,0.163752126434932,"CAM",2014-11-17,"Warmed","N","DCAM",27,44.3,2.41,"",2.5729883,"wide",1.60560284904529,192.267870587193,17
"DCAM-28",0.000100000000000004,0.591795391548523,0.212035077437263,"CAM",2014-11-17,"Warmed","N","DCAM",28,42.8,2.54,"",2.7612848,"wide",1.70202339396833,201.871477827078,17
"DCAM-29",0.000100000000000004,0.615182766948118,0.179552487131416,"CAM",2014-11-17,"Warmed","N","DCAM",29,34,2.23,"",1.690786,"wide",1.13519425850079,143.901178883418,17
"DCAM-3",0.0423561235453515,0.714878562761186,0.153580997438608,"CAM",2014-11-17,"Home","N","DCAM",3,39.7,2.22,"",1.9565748,"wide",1.28063920857423,174.435813252761,17
"DCAM-4",0.00189167905737288,0.616824049018562,0.197484719927106,"CAM",2014-11-17,"Home","N","DCAM",4,42.5,2.53,"",2.7203825,"wide",1.68117875854172,217.709841298517,17
"DCAM-5",0.0226625592409668,0.61234638080391,0.15403095255527,"CAM",2014-11-17,"Home","N","DCAM",5,40.5,2.27,"",2.0869245,"wide",1.35068857858982,182.166979096924,17
"DCAM-8",0.0227257356644394,0.681501067677393,0.177317536028744,"CAM",2014-11-17,"Home","N","DCAM",8,42,2.56,"",2.752512,"wide",1.69755715806648,219.435442981629,17
"DCAM-9",0.0781883518467488,0.677944604609938,0.159554811273576,"CAM",2014-11-17,"Home","N","DCAM",9,39.1,2.99,"",3.4955791,"wide",2.06787846322073,257.68829977511,17
"DTER-1",0.0715605433598916,0.696557189992046,0.160664695895154,"TER",2014-11-17,"Home","N","DTER",1,40.1,2.45,"",2.4070025,"wide",1.77375071873864,327.417403896903,17
"DTER-10",1e-04,0.645374236572145,0.205612686526079,"TER",2014-11-17,"Home","N","DTER",10,32.5,2.89,"",2.7144325,"wide",1.95883038934589,354.960255362696,17
"DTER-21",0.0147938140825896,0.672818126777283,0.17334168163834,"TER",2014-11-17,"Warmed","N","DTER",21,36.3,2.33,"",1.9706907,"wide",1.50374019113969,164.260532068668,17
"DTER-22",0.100544956851057,0.726815628072944,0.147690019376133,"TER",2014-11-17,"Warmed","N","DTER",22,37.4,2.75,"",2.828375,"wide",2.02648015849465,221.391860557828,17
"DTER-23",0.207387446270289,0.758777115134432,0.132103434825868,"TER",2014-11-17,"Warmed","N","DTER",23,41.2,2.59,"",2.7637372,"wide",1.98816306709396,217.203854992349,17
"DTER-24",0.361759474426599,0.860352367175311,0.105769535145499,"TER",2014-11-17,"Warmed","N","DTER",24,38.3,2.74,"",2.8754108,"wide",2.0542668516426,224.428930577736,17
"DTER-25",0.000100000000000013,0.623770621850345,0.199634452041262,"TER",2014-11-17,"Warmed","N","DTER",25,31.5,2.49,"",1.9530315,"wide",1.49260508662779,163.0436421828,17
"DTER-27",0.00173176615630557,0.622803886861855,0.187124616987834,"TER",2014-11-17,"Warmed","N","DTER",27,32.7,2.56,"",2.1430272,"wide",1.61152238957824,176.039619985956,17
"DTER-28",0.0822061034995247,0.717793267750143,0.145083647705383,"TER",2014-11-17,"Warmed","N","DTER",28,37.4,2.38,"",2.1184856,"wide",1.59626868215181,174.372580631658,17
"DTER-4",0.0959953724998355,0.729396432178205,0.160384480780844,"TER",2014-11-17,"Home","N","DTER",4,34.6,2.75,"",2.616625,"wide",1.90036487356921,346.314227444045,17
"DTER-5",0.10047677172327,0.737596432271375,0.157730256237588,"TER",2014-11-17,"Home","N","DTER",5,40.9,2.59,"",2.7436129,"wide",1.97620169353636,357.519855876363,17
"DTER-6",0.0927196602358082,0.734867481280105,0.147586903424773,"TER",2014-11-17,"Home","N","DTER",6,38.4,2.54,"",2.4774144,"wide",1.81648681295397,333.822891978538,17
"DTER-7",0.11540715066755,0.773790862753226,0.136355314222234,"TER",2014-11-17,"Home","N","DTER",7,36.8,2.37,"",2.0670192,"wide",1.56417937772847,295.572290160221,17
"DTER-8",0.000763048971620369,0.661521126025431,0.184887989566237,"TER",2014-11-17,"Home","N","DTER",8,33.7,2.4,"",1.94112,"wide",1.48508431896461,283.350846177429,17
"ECAM-1",0.00010000000000007,0.646913266674785,0.18168222675402,"CAM",2014-11-17,"Home","N","ECAM",1,41.4,2.3,"",2.19006,"wide",1.34649625379343,197.523492090694,17
"ECAM-2",0.125202218074926,0.760842557700459,0.132976256862503,"CAM",2014-11-17,"Home","N","ECAM",2,36.6,2.51,"",2.3058366,"wide",1.40500674641208,204.579950785916,17
"ECAM-20",0.00407499625902578,0.676099057655391,0.185700027580354,"CAM",2014-11-17,"Warmed","N","ECAM",20,35.2,2.5,"",2.2,"wide",1.35154045908809,194.98625499249,17
"ECAM-21",0.018315866504278,0.713109555992819,0.164854498878095,"CAM",2014-11-17,"Warmed","N","ECAM",21,34.4,2.27,"",1.7725976,"wide",1.13075078983096,168.507839180888,17
"ECAM-23",0.000100000000000003,0.602009194885624,0.206840565987729,"CAM",2014-11-17,"Warmed","N","ECAM",23,42.8,2.64,"",2.9829888,"wide",1.73784928609407,239.521066630409,17
"ECAM-24",0.057785936835936,0.649358145930749,0.176395046245849,"CAM",2014-11-17,"Warmed","N","ECAM",24,42.7,2.79,"",3.3238107,"wide",1.90023765039642,257.684697936839,17
"ECAM-26",0.0444969542923412,0.705790954699175,0.166405934520229,"CAM",2014-11-17,"Warmed","N","ECAM",26,44.3,2.55,"",2.8806075,"wide",1.68844955378087,233.93535339004,17
"ECAM-28",0.0385277862428262,0.64817477330631,0.183635633194761,"CAM",2014-11-17,"Warmed","N","ECAM",28,44.7,2.89,"",3.7333887,"wide",2.09160214845955,278.731669901013,17
"ECAM-29",0.0599816291143448,0.677710957371919,0.168695136991653,"CAM",2014-11-17,"Warmed","N","ECAM",29,41.2,2.92,"",3.5128768,"wide",1.98905598798955,267.4989539464,17
"ECAM-3",0.207669139674272,0.873995822067955,0.102009332430171,"CAM",2014-11-17,"Home","N","ECAM",3,33,2.21,"",1.611753,"wide",1.04533465291448,160.282867785665,17
"ECAM-4",0.277179657763973,0.846941194305362,0.114310751932727,"CAM",2014-11-17,"Home","N","ECAM",4,45.2,2.59,"",3.0320612,"wide",1.76142188440709,246.539365052275,17
"ECAM-5",1e-04,0.614104284135984,0.19219881182512,"CAM",2014-11-17,"Home","N","ECAM",5,41.7,2.5,"",2.60625,"wide",1.55451893660791,222.384394697032,17
"ECAM-6",0.000100000000000032,0.639706747474016,0.188531027013734,"CAM",2014-11-17,"Home","N","ECAM",6,36.9,2.52,"",2.3432976,"wide",1.42382791450414,206.838811790564,17
"ECAM-7",1e-04,0.636574301603872,0.19838366875208,"CAM",2014-11-17,"Home","N","ECAM",7,36,2.33,"",1.954404,"wide",1.22568975490697,182.78051710371,17
"ETER-1",0.000100000000000002,0.674468471853349,0.19505574519757,"TER",2014-11-17,"Home","N","ETER",1,26.2,2.61,"",1.7847702,"wide",1.26508719371966,253.006301116341,17
"ETER-10",0.00533291082055652,0.786763106588479,0.148327157623489,"TER",2014-11-17,"Home","N","ETER",10,20.8,1.67,"",0.5800912,"wide",0.50015180511242,130.134868904585,17
"ETER-22",0.000675439062950363,0.634219594659665,0.192452564855719,"TER",2014-11-17,"Warmed","N","ETER",22,37.5,2.49,"",2.3250375,"wide",1.57380737902361,231.112056453357,17
"ETER-23",0.00915883973286373,0.727038587949989,0.175947873136868,"TER",2014-11-17,"Warmed","N","ETER",23,30.4,2.45,"",1.82476,"wide",1.28844729213218,197.049454306941,17
"ETER-24",0.0249402212832809,0.763021716775497,0.147463093242787,"TER",2014-11-17,"Warmed","N","ETER",24,23,1.96,"",0.883568,"wide",0.70793853974005,122.263920259971,17
"ETER-25",0.000100000000000001,0.635215468257634,0.205122475143242,"TER",2014-11-17,"Warmed","N","ETER",25,31.8,2.37,"",1.7861742,"wide",1.26590887658678,194.297338731347,17
"ETER-26",0.000100000000000002,0.688641525985814,0.164781180466791,"TER",2014-11-17,"Warmed","N","ETER",26,26.8,1.71,"",0.7836588,"wide",0.641158261106237,112.980401946155,17
"ETER-27",0.000100000000000005,0.700729177518816,0.172821739208936,"TER",2014-11-17,"Warmed","N","ETER",27,27,1.92,"",0.995328,"wide",0.781099839702741,132.232746868378,17
"ETER-29",0.009512062001744,0.692530243459,0.16304713679638,"TER",2014-11-17,"Warmed","N","ETER",29,30.2,2.13,"",1.3701438,"wide",1.01698688290811,163.185793044778,17
"ETER-3",0.000100000000000001,0.703897487505871,0.179969429563821,"TER",2014-11-17,"Home","N","ETER",3,22.5,1.8,"",0.729,"wide",0.604001895238473,148.969044921343,17
"ETER-4",0.0293763101870024,0.759702584830958,0.149401272420388,"TER",2014-11-17,"Home","N","ETER",4,25.7,2.31,"",1.3713777,"wide",1.01774306054211,216.491408574082,17
"ETER-5",0.0133880277881847,0.703742064500012,0.155651494561682,"TER",2014-11-17,"Home","N","ETER",5,25.7,2.33,"",1.3952273,"wide",1.03233579452595,218.710826587241,17
"ETER-6",0.0380076856657495,0.785090165649005,0.143089441245725,"TER",2014-11-17,"Home","N","ETER",6,31.4,2.01,"",1.2685914,"wide",0.954332932850997,206.740072250527,17
"ETER-7",0.0523070977068434,0.828549031460164,0.126128747544889,"TER",2014-11-17,"Home","N","ETER",7,25.8,1.8,"",0.83592,"wide",0.676264073539762,161.531551503911,17
"FCAM-1",0.000511645588023345,0.639486589560025,0.165154431515303,"CAM",2014-11-17,"Home","N","FCAM",1,30.9,2.28,"",1.6063056,"wide",1.03380119243729,177.01934774796,17
"FCAM-10",0.00442003608273355,0.710824173932676,0.184124971822758,"CAM",2014-11-17,"Home","N","FCAM",10,34.6,2.58,"",2.3031144,"wide",1.39203624088735,221.216025167077,17
"FCAM-2",0.000100000000000003,0.671646027180345,0.178929912164729,"CAM",2014-11-17,"Home","N","FCAM",2,34.8,2.05,"",1.46247,"wide",0.956745689569449,167.039855114394,17
"FCAM-20",0.000100000000000003,0.669890924423423,0.178322234315263,"CAM",2014-11-17,"Warmed","N","FCAM",20,27.2,2.17,"",1.2808208,"wide",0.857504975555037,143.921303363361,17
"FCAM-21",0.000100000000000001,0.652857670837637,0.184361359960692,"CAM",2014-11-17,"Warmed","N","FCAM",21,27,2.16,"",1.259712,"wide",0.845818921457119,142.4081086743,17
"FCAM-22",0.0371334830447786,0.744436595021582,0.136146725167799,"CAM",2014-11-17,"Warmed","N","FCAM",22,31.3,2.11,"",1.3935073,"wide",0.91933745745586,151.850914246113,17
"FCAM-23",0.0137076721794889,0.696369253552417,0.149066225866122,"CAM",2014-11-17,"Warmed","N","FCAM",23,28.5,2.57,"",1.8823965,"wide",1.17845909199108,183.859199576343,17
"FCAM-25",0.000100000000000002,0.654915662745813,0.194706492811068,"CAM",2014-11-17,"Warmed","N","FCAM",25,34.6,2.36,"",1.9270816,"wide",1.20151083636545,186.623345859653,17
"FCAM-26",0.025562282369253,0.73219985953546,0.135623673959789,"CAM",2014-11-17,"Warmed","N","FCAM",26,26.4,2.27,"",1.3603656,"wide",0.901245862551893,149.543831303564,17
"FCAM-28",0.000476870202277001,0.668413704818937,0.184586974027756,"CAM",2014-11-17,"Warmed","N","FCAM",28,31,2.54,"",1.999996,"wide",1.23892673158651,191.084151547995,17
"FCAM-3",0.089025818805453,0.845901113782691,0.12383579266454,"CAM",2014-11-17,"Home","N","FCAM",3,29.8,2.3,"",1.57642,"wide",1.01789345903575,174.974863757155,17
"FCAM-7",0.00169075072395373,0.691063440020785,0.160677661688778,"CAM",2014-11-17,"Home","N","FCAM",7,30,2.12,"",1.34832,"wide",0.894651376314502,158.850604103439,17
"FCAM-8",0.0571839286650674,0.810674141919054,0.112493087892846,"CAM",2014-11-17,"Home","N","FCAM",8,21.1,1.95,"",0.8023275,"wide",0.582779397027749,115.223558240577,17
"FCAM-9",0.000941266811980446,0.741666466754777,0.179768632079425,"CAM",2014-11-17,"Home","N","FCAM",9,25.4,2.25,"",1.285875,"wide",0.860298035752036,154.258901349617,17
"LONG-10",0.000788322006870511,0.657896174727908,0.108762246566029,"LONG",2014-11-17,"Home","S","LONG",10,14.6,1.35,"",0.266085,"narrow",0.367717185486381,54.6703430974325,17
"LONG-11",0.0836963876182073,0.846144949966267,0.0928181980547502,"LONG",2014-11-17,"Home","S","LONG",11,14.8,1.57,"",0.3648052,"narrow",0.477166618548694,69.613258918778,17
"LONG-12",1e-04,0.723933887662844,0.114942109264848,"LONG",2014-11-17,"Home","S","LONG",12,8.6,1.13,"",0.1098134,"narrow",0.177067554272445,27.7600725479522,17
"LONG-2",0.000100000000000004,0.694245063425557,0.111118269914225,"LONG",2014-11-17,"Home","S","LONG",2,11.5,1.11,"",0.1416915,"narrow",0.218542449827418,33.7428172181321,17
"LONG-21",0.000100000000000001,0.717943391045423,0.132837222473404,"LONG",2014-11-17,"Warmed","S","LONG",21,11.5,1.33,"",0.2034235,"narrow",0.294591333102802,62.4919150585951,17
"LONG-22",0.062470356517568,0.891294257870722,0.105479157840687,"LONG",2014-11-17,"Warmed","S","LONG",22,14.3,1.52,"",0.3303872,"narrow",0.439676454528913,86.3562260369867,17
"LONG-23",0.00010000000000023,0.683145758671194,0.141048544952507,"LONG",2014-11-17,"Warmed","S","LONG",23,17.9,1.5,"",0.40275,"narrow",0.517791181025598,98.5502454265588,17
"LONG-24",0.0297526690042058,0.983038907400928,0.103804682786773,"LONG",2014-11-17,"Warmed","S","LONG",24,6.7,1.12,"",0.0840448,"narrow",0.141983232348789,34.6574470644737,17
"LONG-26",0.0311443587552824,0.784063306653396,0.123489763205571,"LONG",2014-11-17,"Warmed","S","LONG",26,17,1.62,"",0.446148,"narrow",0.563445754370747,105.511128882709,17
"LONG-27",0.000100000000000003,0.704993426072221,0.11866740339477,"LONG",2014-11-17,"Warmed","S","LONG",27,11.3,1.29,"",0.1880433,"narrow",0.276075240234752,59.299732006137,17
"LONG-29",0.0372791256442843,0.715603767123654,0.121398634530605,"LONG",2014-11-17,"Warmed","S","LONG",29,20,1.82,"",0.66248,"narrow",0.780947437571347,137.342746446338,17
"LONG-3",0.0455795851623244,0.788350017444371,0.112781866290081,"LONG",2014-11-17,"Home","S","LONG",3,18.8,1.31,"",0.3226268,"narrow",0.431131315167045,63.3622503809593,17
"LONG-30",0.183946135527357,0.801625204471713,0.105506100424333,"LONG",2014-11-17,"Warmed","S","LONG",30,19.9,2.01,"",0.8039799,"narrow",0.916307902435761,156.270139070002,17
"LONG-31",0.110503614357187,0.998999999999997,0.0864151632605346,"LONG",2014-11-17,"Warmed","S","LONG",31,15.2,1.33,"",0.2688728,"narrow",0.370895440949558,75.2695559760418,17
"LONG-4",0.0316076350261511,0.80557098303958,0.0924975913507827,"LONG",2014-11-17,"Home","S","LONG",4,11.8,1.38,"",0.2247192,"narrow",0.319832789554208,48.0352662694035,17
"LONG-5",0.0108738659588112,0.660293449511126,0.0987381540762417,"LONG",2014-11-17,"Home","S","LONG",5,12.5,1.71,"",0.3655125,"narrow",0.477930398224433,69.7165894022271,17
"LONG-6",0.0131381980963027,0.75275877204675,0.107022145503537,"LONG",2014-11-17,"Home","S","LONG",6,11.2,1.51,"",0.2553712,"narrow",0.355448120589896,52.9766094039051,17
"LONG-7",0.0809763326368871,0.867168395059538,0.0927836879637311,"LONG",2014-11-17,"Home","S","LONG",7,15.4,1.45,"",0.323785,"narrow",0.432408888177255,63.5363603963353,17
"PEL-1",0.000100000000000003,0.661609042208664,0.200382243728322,"PEL",2014-11-17,"Home","N","PEL",1,26.4,2.11,"",1.1753544,"narrow",1.29775914704902,280.353605437224,17
"PEL-2",0.000100000000000036,0.642911882161112,0.215358260962176,"PEL",2014-11-17,"Home","N","PEL",2,29.6,2.53,"",1.8946664,"narrow",1.92493924450718,376.530764695353,17
"PEL-21",0.00134200111757635,0.63728055320357,0.208156892230557,"PEL",2014-11-17,"Warmed","N","PEL",21,28.6,2.64,"",1.9933056,"narrow",2.00732022726883,474.676124859924,17
"PEL-22",0.332355821022463,0.824533939151413,0.108687542485393,"PEL",2014-11-17,"Warmed","N","PEL",22,24.7,2.77,"",1.8952063,"narrow",1.9253921583049,460.362675923573,17
"PEL-24",0.0203201564958712,0.665686301084559,0.160913328617791,"PEL",2014-11-17,"Warmed","N","PEL",24,22.5,2.3,"",1.19025,"narrow",1.31132460510496,347.164744792117,17
"PEL-25",0.000100000000000001,0.602400260661084,0.208299036298852,"PEL",2014-11-17,"Warmed","N","PEL",25,23.7,2.16,"",1.1057472,"narrow",1.23396260409826,331.995296248068,17
"PEL-26",0.000100000000000004,0.683462053264241,0.17378518888552,"PEL",2014-11-17,"Warmed","N","PEL",26,20.7,1.91,"",0.7551567,"narrow",0.900634440537322,263.421388401329,17
"PEL-27",0.00183831903307335,0.658979486314026,0.198760121282407,"PEL",2014-11-17,"Warmed","N","PEL",27,23.1,2.56,"",1.5138816,"narrow",1.59940676244467,401.705410142699,17
"PEL-28",0.000100000000000005,0.633579200342467,0.204470812294009,"PEL",2014-11-17,"Warmed","N","PEL",28,25,2.45,"",1.500625,"narrow",1.58783337946971,399.567585210058,17
"PEL-4",0.000100000000000007,0.69920882625104,0.182579491207314,"PEL",2014-11-17,"Home","N","PEL",4,21.9,1.87,"",0.7658211,"narrow",0.911123698610285,215.170760227339,17
"PEL-5",0.00210702775388524,0.646033157314548,0.210177564324885,"PEL",2014-11-17,"Home","N","PEL",5,26.1,2.83,"",2.0903229,"narrow",2.08765601983177,400.097140150797,17
"PEL-6",0.0298491887040702,0.738859846928976,0.16690794686411,"PEL",2014-11-17,"Home","N","PEL",6,24.9,2.58,"",1.6574436,"narrow",1.72364610857154,346.668378218235,17
"PEL-7",0.000100000000000002,0.606910529316827,0.207636803433852,"PEL",2014-11-17,"Home","N","PEL",7,27.2,2.55,"",1.76868,"narrow",1.81861958531,360.861561576258,17
"PEL-9",0.145689373470126,0.781194223948499,0.1277329412291,"PEL",2014-11-17,"Home","N","PEL",9,25.8,2.21,"",1.2600978,"narrow",1.3745478164113,292.673487659534,17
"PLAT-1",0.000100000000000307,0.579900490870524,0.171850236645731,"PLAT",2014-11-17,"Home","N","PLAT",1,28.6,2.22,"",1.4095224,"narrow",1.34154179458095,291.081594816776,17
"PLAT-10",0.253425666999947,0.816403132768692,0.0904779374241119,"PLAT",2014-11-17,"Home","N","PLAT",10,27.2,1.96,"",1.0449152,"narrow",1.04777757214177,245.267886979095,17
"PLAT-2",0.274382883886692,0.875881963955826,0.0922774976189765,"PLAT",2014-11-17,"Home","N","PLAT",2,25.8,2.04,"",1.0736928,"narrow",1.07154810389489,249.110171469054,17
"PLAT-20",0.304788800093912,0.819184783444251,0.0961792012465785,"PLAT",2014-11-17,"Warmed","N","PLAT",20,34,2.56,"",2.228224,"narrow",1.95806692271971,290.997082958543,17
"PLAT-22",0.00491959138974927,0.670758303933462,0.169422319841122,"PLAT",2014-11-17,"Warmed","N","PLAT",22,29.8,2.22,"",1.4686632,"narrow",1.38785265917194,222.066067972984,17
"PLAT-23",0.0426911685196179,0.698586035085478,0.155970662761849,"PLAT",2014-11-17,"Warmed","N","PLAT",23,34.4,2.03,"",1.4175896,"narrow",1.34787855965379,217.02676872884,17
"PLAT-25",0.0177256184106981,0.591938249254903,0.177621703812525,"PLAT",2014-11-17,"Warmed","N","PLAT",25,31.9,2.25,"",1.6149375,"narrow",1.50103346098321,236.169104338416,17
"PLAT-26",0.0970284120158367,0.686023232850422,0.130582478485105,"PLAT",2014-11-17,"Warmed","N","PLAT",26,31.6,2.09,"",1.3803196,"narrow",1.31854987296248,213.309075017766,17
"PLAT-27",0.00107123405718083,0.65888481398253,0.177901005192855,"PLAT",2014-11-17,"Warmed","N","PLAT",27,32.3,2.15,"",1.4930675,"narrow",1.40686742431006,224.452181603359,17
"PLAT-29",0.0211724620992083,0.693289868894894,0.153991453132048,"PLAT",2014-11-17,"Warmed","N","PLAT",29,26.1,2.11,"",1.1619981,"narrow",1.14381175878925,190.772826970251,17
"PLAT-3",0.0250818451970072,0.689379176349606,0.155908381774662,"PLAT",2014-11-17,"Home","N","PLAT",3,23.9,2.29,"",1.2533399,"narrow",1.21755982256021,272.165713695223,17
"PLAT-4",0.0477663016539015,0.665395139512898,0.162742619760114,"PLAT",2014-11-17,"Home","N","PLAT",4,30.2,2.43,"",1.7832798,"narrow",1.62910342709005,333.010739936553,17
"PLAT-5",0.462557571245631,0.984194885053059,0.0697693840021946,"PLAT",2014-11-17,"Home","N","PLAT",5,28.6,2.05,"",1.201915,"narrow",1.17615993908673,265.719310797985,17
"PLAT-8",0.0817122137153623,0.697865562321537,0.137162188072063,"PLAT",2014-11-17,"Home","N","PLAT",8,30.6,2.33,"",1.6612434,"narrow",1.53648419265632,319.774600069818,17
"SMIT-1",0.0490792543732045,0.725605763719172,0.0980167372398602,"SMIT",2014-11-17,"Home","S","SMIT",1,21.2,1.74,"",0.6418512,"narrow",0.575586510611502,49.7266333220352,17
"SMIT-10",0.14004778830858,0.999,0.0751798991220707,"SMIT",2014-11-17,"Home","S","SMIT",10,21.9,1.6,"",0.56064,"narrow",0.514754062607615,44.2592683945092,17
"SMIT-11",0.160628986581733,0.998999999999994,0.0759807960622459,"SMIT",2014-11-17,"Home","S","SMIT",11,22,1.86,"",0.761112,"narrow",0.662559750361187,57.5859251045921,17
"SMIT-2",0.13529496967983,0.80083740925167,0.0883978579858089,"SMIT",2014-11-17,"Home","S","SMIT",2,23.4,2.03,"",0.9642906,"narrow",0.80551701114125,70.5981994723711,17
"SMIT-20",0.100405734954823,0.743735914086421,0.127026158804574,"SMIT",2014-11-17,"Warmed","S","SMIT",20,35.5,2.04,"",1.477368,"narrow",1.14567993600287,84.2919502148493,17
"SMIT-21",0.0426638673444437,0.852545106424561,0.105448377167819,"SMIT",2014-11-17,"Warmed","S","SMIT",21,22,1.45,"",0.46255,"narrow",0.439169165394809,33.7098271643445,17
"SMIT-22",0.196712713258434,0.998999999999994,0.0733366117466981,"SMIT",2014-11-17,"Warmed","S","SMIT",22,23.6,1.57,"",0.5817164,"narrow",0.530681149621011,40.3948398806637,17
"SMIT-23",0.0762337086495632,0.787502702285915,0.105520548714442,"SMIT",2014-11-17,"Warmed","S","SMIT",23,23.3,1.89,"",0.8322993,"narrow",0.713326321180079,53.592514895657,17
"SMIT-26",0.000130776410294874,0.709882505456059,0.133114274694004,"SMIT",2014-11-17,"Warmed","S","SMIT",26,18.8,1.37,"",0.3528572,"narrow",0.351205535936822,27.2254792399682,17
"SMIT-27",0.0877963951980707,0.855862439310962,0.0906142795133232,"SMIT",2014-11-17,"Warmed","S","SMIT",27,24.7,1.41,"",0.4910607,"narrow",0.461403568664737,35.3392891824769,17
"SMIT-28",0.0760164052336879,0.809708681102335,0.0967170366646638,"SMIT",2014-11-17,"Warmed","S","SMIT",28,26.3,1.55,"",0.6318575,"narrow",0.568176415571344,43.118657879165,17
"SMIT-29",0.0104114800847729,0.722014470016678,0.134768819413684,"SMIT",2014-11-17,"Warmed","S","SMIT",29,25,1.82,"",0.8281,"narrow",0.710353247709649,53.3789974406266,17
"SMIT-3",0.0211436230496309,0.783324627354564,0.115103620105291,"SMIT",2014-11-17,"Home","S","SMIT",3,18.9,1.71,"",0.5526549,"narrow",0.50869275224237,43.7159644833129,17
"SMIT-31",0.060765324554668,0.716336629511642,0.131188417845597,"SMIT",2014-11-17,"Warmed","S","SMIT",31,31,2.02,"",1.264924,"narrow",1.00783694187223,74.5715603247528,17
"SMIT-4",0.0320138644473467,0.647432236971228,0.122483174584249,"SMIT",2014-11-17,"Home","S","SMIT",4,28.5,2.12,"",1.280904,"narrow",1.01833853820725,90.1496674254239,17
"SMIT-7",0.0930966137845149,0.981244347846101,0.0841915132812321,"SMIT",2014-11-17,"Home","S","SMIT",7,20.8,1.24,"",0.3198208,"narrow",0.323824583227672,27.296592516152,17
"SMIT-8",0.165161268639115,0.853176914986856,0.0786065897288053,"SMIT",2014-11-17,"Home","S","SMIT",8,27.4,1.69,"",0.7825714,"narrow",0.67794717860079,58.9811779640421,17
"SMIT-9",0.197143057317531,0.945660885800218,0.0781114749200134,"SMIT",2014-11-17,"Home","S","SMIT",9,27.2,1.59,"",0.6876432,"narrow",0.609288779676757,52.7664863535187,17
